id,login,name,email
1,user001,Alice Johnson,alice.johnson@example.com
2,user002,Bob Smith,bob.smith@example.com
3,user003,Charlie Brown,charlie.brown@example.com
4,user004,Diana Prince,diana.prince@example.com
5,user005,Evan Davis,evan.davis@example.com
6,user006,Fiona Apple,fiona.apple@example.com
7,user007,George Miller,george.miller@example.com
8,user008,Hannah Montana,hannah.montana@example.com
9,user009,Isaac Newton,isaac.newton@example.com
10,user010,Julia Roberts,julia.roberts@example.com
11,user011,Kevin Hart,kevin.hart@example.com
12,user012,Laura Palmer,laura.palmer@example.com
13,user013,Michael Scott,michael.scott@example.com
14,user014,Nancy Drew,nancy.drew@example.com
15,user015,Oliver Queen,oliver.queen@example.com
16,user016,Patricia Moore,patricia.moore@example.com
17,user017,Quincy Adams,quincy.adams@example.com
18,user018,Rachel Green,rachel.green@example.com
19,user019,Steven Rogers,steven.rogers@example.com
20,user020,Tina Turner,tina.turner@example.com
